{"cameraMode":{"drawMode":0,"name":"Shaded","section":"Shading Mode"},"sceneLighting":true,"audioPlay":false,"sceneViewState":{"m_AlwaysRefresh":false,"showFog":true,"showSkybox":true,"showFlares":true,"showImageEffects":true,"showParticleSystems":true,"showVisualEffectGraphs":true,"m_FxEnabled":true},"in2DMode":false,"pivot":{"x":-0.36916637420654299,"y":0.12876009941101075,"z":-1.9723753929138184},"rotation":{"x":0.09827213734388352,"y":-0.5394245982170105,"z":0.06357111036777497,"w":0.8338676691055298},"size":6.015560626983643,"orthographic":false}